regions,link_url,link_title
Auvergne-Rhône-Alpes,https://demos.philharmoniedeparis.fr/demos-region-auvergne-rhone-alpes.aspx,Lorem ipsum dolor sic amet
Bourgogne-Franche-Comté,,Lorem ipsum dolor sic amet
Bretagne,https://demos.philharmoniedeparis.fr/demos-region-bretagne.aspx,Lorem ipsum dolor sic amet
Centre-Val de Loire,https://demos.philharmoniedeparis.fr/demos-region-centre-val-de-loire.aspx,Lorem ipsum dolor sic amet
Corse,,Lorem ipsum dolor sic amet
Grand Est,https://demos.philharmoniedeparis.fr/demos-region-grand-est.aspx,Lorem ipsum dolor sic amet
Hauts-de-France,https://demos.philharmoniedeparis.fr/demos-region-hauts-de-france.aspx,Lorem ipsum dolor sic amet
Île-de-France,https://demos.philharmoniedeparis.fr/demos-region-ile-de-france.aspx,Lorem ipsum dolor sic amet
Normandie,https://demos.philharmoniedeparis.fr/demos-region-normandie.aspx,Lorem ipsum dolor sic amet
Nouvelle-Aquitaine,https://demos.philharmoniedeparis.fr/demos-region-nouvelle-aquitaine.aspx,Lorem ipsum dolor sic amet
Occitanie,https://demos.philharmoniedeparis.fr/demos-region-occitanie.aspx,Lorem ipsum dolor sic amet
Outre-Mer,https://demos.philharmoniedeparis.fr/demos-region-outre-mer.aspx,Lorem ipsum dolor sic amet
Pays de la Loire,https://demos.philharmoniedeparis.fr/demos-region-pays-de-la-loire.aspx,Lorem ipsum dolor sic amet
Provence-Alpes-Côte d'Azur,https://demos.philharmoniedeparis.fr/demos-region-provence-alpes-cote-dazur.aspx,Lorem ipsum dolor sic amet
